{
  "resoluci\u00f3n": "1080x1920",
  "fps": 29.97331752149422,
  "detecciones_usadas": 60,
  "rms_reproyeccion_px": 0.0527,
  "K": [
    [
      1639.7990471841197,
      0.0,
      556.2389330288022
    ],
    [
      0.0,
      1640.543041890665,
      942.3318704489735
    ],
    [
      0.0,
      0.0,
      1.0
    ]
  ],
  "dist_coeffs": [
    [
      0.212120235755472,
      -0.8977391805102432,
      -0.0033493011547055694,
      0.000752595408358789,
      1.219380578754136
    ]
  ]
}